{
  "Merchants" : {
    "transaction" : "Merchants",
    "sampleCount" : 32000,
    "errorCount" : 184,
    "errorPct" : 0.575,
    "meanResTime" : 546.7309999999969,
    "medianResTime" : 210.0,
    "minResTime" : 0.0,
    "maxResTime" : 584018.0,
    "pct1ResTime" : 425.0,
    "pct2ResTime" : 508.0,
    "pct3ResTime" : 852.9900000000016,
    "throughput" : 0.13645099523688806,
    "receivedKBytesPerSec" : 14.082718602899963,
    "sentKBytesPerSec" : 0.051569048555097384
  },
  "Account Balance" : {
    "transaction" : "Account Balance",
    "sampleCount" : 64000,
    "errorCount" : 584,
    "errorPct" : 0.9125,
    "meanResTime" : 1043.2272343750035,
    "medianResTime" : 843.0,
    "minResTime" : 0.0,
    "maxResTime" : 714740.0,
    "pct1ResTime" : 1160.0,
    "pct2ResTime" : 1304.0,
    "pct3ResTime" : 1950.9800000000032,
    "throughput" : 0.27288146936301755,
    "receivedKBytesPerSec" : 0.327264003068761,
    "sentKBytesPerSec" : 0.1092576456119291
  },
  "Eligibility" : {
    "transaction" : "Eligibility",
    "sampleCount" : 64000,
    "errorCount" : 668,
    "errorPct" : 1.04375,
    "meanResTime" : 1319.6294999999932,
    "medianResTime" : 987.0,
    "minResTime" : 0.0,
    "maxResTime" : 788578.0,
    "pct1ResTime" : 1322.0,
    "pct2ResTime" : 1534.0,
    "pct3ResTime" : 2273.9900000000016,
    "throughput" : 0.2728883086146413,
    "receivedKBytesPerSec" : 0.11164424253760058,
    "sentKBytesPerSec" : 0.09941294933255912
  },
  "NTC Prepaid Topup Confirm" : {
    "transaction" : "NTC Prepaid Topup Confirm",
    "sampleCount" : 10578,
    "errorCount" : 135,
    "errorPct" : 1.2762337,
    "meanResTime" : 2295.9679523539344,
    "medianResTime" : 1594.0,
    "minResTime" : 0.0,
    "maxResTime" : 688983.0,
    "pct1ResTime" : 3027.2000000000007,
    "pct2ResTime" : 3700.0,
    "pct3ResTime" : 5379.629999999997,
    "throughput" : 0.04511175670080707,
    "receivedKBytesPerSec" : 0.07293506545084512,
    "sentKBytesPerSec" : 0.03970644895020895
  },
  "Ncell Topup  Booking" : {
    "transaction" : "Ncell Topup  Booking",
    "sampleCount" : 10637,
    "errorCount" : 91,
    "errorPct" : 0.8555044,
    "meanResTime" : 1573.6825232678439,
    "medianResTime" : 1250.0,
    "minResTime" : 0.0,
    "maxResTime" : 498289.0,
    "pct1ResTime" : 2060.0,
    "pct2ResTime" : 2437.1000000000004,
    "pct3ResTime" : 3596.300000000012,
    "throughput" : 0.04536149637038944,
    "receivedKBytesPerSec" : 0.026355540265080867,
    "sentKBytesPerSec" : 0.03648543743510602
  },
  "Service Banner" : {
    "transaction" : "Service Banner",
    "sampleCount" : 32000,
    "errorCount" : 196,
    "errorPct" : 0.6125,
    "meanResTime" : 205.2007499999978,
    "medianResTime" : 81.0,
    "minResTime" : 0.0,
    "maxResTime" : 704732.0,
    "pct1ResTime" : 159.0,
    "pct2ResTime" : 216.0,
    "pct3ResTime" : 351.0,
    "throughput" : 0.1364324679002649,
    "receivedKBytesPerSec" : 0.054789210637980604,
    "sentKBytesPerSec" : 0.045813779567340666
  },
  "Token" : {
    "transaction" : "Token",
    "sampleCount" : 32000,
    "errorCount" : 304,
    "errorPct" : 0.95,
    "meanResTime" : 1174.1166874999942,
    "medianResTime" : 845.0,
    "minResTime" : 0.0,
    "maxResTime" : 865046.0,
    "pct1ResTime" : 1167.0,
    "pct2ResTime" : 1343.0,
    "pct3ResTime" : 2106.9600000000064,
    "throughput" : 0.13645210190519286,
    "receivedKBytesPerSec" : 0.179740011306112,
    "sentKBytesPerSec" : 0.04451671537928529
  },
  "Merchants category" : {
    "transaction" : "Merchants category",
    "sampleCount" : 32000,
    "errorCount" : 181,
    "errorPct" : 0.565625,
    "meanResTime" : 392.35162500000223,
    "medianResTime" : 138.0,
    "minResTime" : 0.0,
    "maxResTime" : 584883.0,
    "pct1ResTime" : 233.0,
    "pct2ResTime" : 294.9500000000007,
    "pct3ResTime" : 415.0,
    "throughput" : 0.13645263022636067,
    "receivedKBytesPerSec" : 0.9937243831640729,
    "sentKBytesPerSec" : 0.0544955276728322
  },
  "Registered Account" : {
    "transaction" : "Registered Account",
    "sampleCount" : 32000,
    "errorCount" : 304,
    "errorPct" : 0.95,
    "meanResTime" : 1050.6093124999938,
    "medianResTime" : 846.0,
    "minResTime" : 0.0,
    "maxResTime" : 679753.0,
    "pct1ResTime" : 1163.0,
    "pct2ResTime" : 1345.0,
    "pct3ResTime" : 2104.970000000005,
    "throughput" : 0.13645187731175065,
    "receivedKBytesPerSec" : 0.11000866279667537,
    "sentKBytesPerSec" : 0.04704498279410053
  },
  "Graph Details" : {
    "transaction" : "Graph Details",
    "sampleCount" : 64000,
    "errorCount" : 643,
    "errorPct" : 1.0046875,
    "meanResTime" : 1118.2608593750094,
    "medianResTime" : 897.0,
    "minResTime" : 0.0,
    "maxResTime" : 711606.0,
    "pct1ResTime" : 1188.0,
    "pct2ResTime" : 1322.0,
    "pct3ResTime" : 1966.9700000000048,
    "throughput" : 0.2728952168627719,
    "receivedKBytesPerSec" : 0.23657523117747986,
    "sentKBytesPerSec" : 0.11192468609476151
  },
  "Main Banner" : {
    "transaction" : "Main Banner",
    "sampleCount" : 32000,
    "errorCount" : 195,
    "errorPct" : 0.609375,
    "meanResTime" : 314.3015312500009,
    "medianResTime" : 94.0,
    "minResTime" : 0.0,
    "maxResTime" : 556732.0,
    "pct1ResTime" : 210.0,
    "pct2ResTime" : 283.0,
    "pct3ResTime" : 484.0,
    "throughput" : 0.13643246324681046,
    "receivedKBytesPerSec" : 0.10285985151509296,
    "sentKBytesPerSec" : 0.04541462311621356
  },
  "NTC Prepaid Topup  Booking" : {
    "transaction" : "NTC Prepaid Topup  Booking",
    "sampleCount" : 10578,
    "errorCount" : 96,
    "errorPct" : 0.90754396,
    "meanResTime" : 1560.5796937039086,
    "medianResTime" : 1279.5,
    "minResTime" : 0.0,
    "maxResTime" : 593725.0,
    "pct1ResTime" : 2096.0,
    "pct2ResTime" : 2487.0499999999993,
    "pct3ResTime" : 3685.4199999999983,
    "throughput" : 0.04511167435928468,
    "receivedKBytesPerSec" : 0.026354320862901546,
    "sentKBytesPerSec" : 0.03619705321213054
  },
  "Card list" : {
    "transaction" : "Card list",
    "sampleCount" : 32000,
    "errorCount" : 283,
    "errorPct" : 0.884375,
    "meanResTime" : 1109.5553437500068,
    "medianResTime" : 898.0,
    "minResTime" : 0.0,
    "maxResTime" : 654320.0,
    "pct1ResTime" : 1234.0,
    "pct2ResTime" : 1445.0,
    "pct3ResTime" : 2210.980000000003,
    "throughput" : 0.13644684509971258,
    "receivedKBytesPerSec" : 0.08298002725779437,
    "sentKBytesPerSec" : 0.0487731013356479
  },
  "Esewa Booking" : {
    "transaction" : "Esewa Booking",
    "sampleCount" : 10785,
    "errorCount" : 128,
    "errorPct" : 1.1868336,
    "meanResTime" : 1579.4527584608268,
    "medianResTime" : 1254.0,
    "minResTime" : 0.0,
    "maxResTime" : 605078.0,
    "pct1ResTime" : 2065.0,
    "pct2ResTime" : 2423.699999999999,
    "pct3ResTime" : 3661.0,
    "throughput" : 0.04599344550116168,
    "receivedKBytesPerSec" : 0.033056098116454755,
    "sentKBytesPerSec" : 0.036959125796632276
  },
  "JSR223 Sampler" : {
    "transaction" : "JSR223 Sampler",
    "sampleCount" : 32000,
    "errorCount" : 0,
    "errorPct" : 0.0,
    "meanResTime" : 21.21350000000006,
    "medianResTime" : 0.0,
    "minResTime" : 0.0,
    "maxResTime" : 214277.0,
    "pct1ResTime" : 1.0,
    "pct2ResTime" : 1.0,
    "pct3ResTime" : 119.0,
    "throughput" : 0.1364311556386969,
    "receivedKBytesPerSec" : 0.0,
    "sentKBytesPerSec" : 0.0
  },
  "Server Version" : {
    "transaction" : "Server Version",
    "sampleCount" : 32000,
    "errorCount" : 184,
    "errorPct" : 0.575,
    "meanResTime" : 422.25615624999915,
    "medianResTime" : 69.0,
    "minResTime" : 0.0,
    "maxResTime" : 791677.0,
    "pct1ResTime" : 278.0,
    "pct2ResTime" : 474.0,
    "pct3ResTime" : 734.0,
    "throughput" : 0.13643131792499633,
    "receivedKBytesPerSec" : 0.05865045709772889,
    "sentKBytesPerSec" : 0.04621254494537912
  },
  "Language List" : {
    "transaction" : "Language List",
    "sampleCount" : 32000,
    "errorCount" : 185,